Year,GovernmentHealthExpenditure
2000,16.15869331
2002,17.22091866
2004,17.92516327
2006,18.56849861
2008,18.20973969
2010,18.40460205
2012,19.63879013
2014,21.48483467
2016,22.39546394
2018,22.40488625
