Year,MedianMAP,GovernmentHealthExpenditure
2000,87.55555555555556,16.15869331
2002,86.88888888888889,17.22091866
2004,86,17.92516327
2006,85.33333333333333,18.56849861
2008,87.66666666666667,18.20973969
2010,86.44444444444444,18.40460205
2012,87.77777777777777,19.63879013
2014,86.66666666666667,21.48483467
2016,87.55555555555556,22.39546394
2018,89.55555555555556,22.40488625
