Year,rateHTN,GovernmentHealthExpenditure
2000,0.16704035874439463,16.15869331
2002,0.15165472534971,17.22091866
2004,0.1370864558581612,17.92516327
2006,0.1178796046720575,18.56849861
2008,0.1366822429906542,18.20973969
2010,0.11830810051506165,18.40460205
2012,0.13309734513274335,19.63879013
2014,0.1171991392153617,21.48483467
2016,0.13427261924970293,22.39546394
2018,0.19160484892346663,22.40488625
